n_time,execution_time,generator_time,sorter_time,remover_time,delta_time,n_files
1,12.009348630905151,2.7525041103363037,6.691215753555298,2.56562876701355,0.0,790
2,15.81471562385559,3.560628890991211,6.541245698928833,5.711838960647583,0.0010020732879638672,848
3,21.42100977897644,10.473045349121094,5.8095703125,5.138394117355347,0.0,1006
