n_time,execution_time,generator_time,sorter_time,remover_time,delta_time,n_files
1,2.291144847869873,0.9518654346466064,0.6030263900756836,0.736253023147583,0.0,386
2,10.422455787658691,4.7771992683410645,2.880693197250366,2.763563394546509,0.0009999275207519531,1331
3,12.867752075195312,8.16840386390686,2.2317824363708496,2.4665637016296387,0.0010020732879638672,1838
