n_time,execution time,generator_time,sorter_time,remover_time,delta_time,n_files
1,0.0013659000396728516,0.0006289482116699219,0.00013685226440429688,0.0001862049102783203,0.0004138946533203125,21
2,0.10070395469665527,0.0968470573425293,0.003465890884399414,0.0001919269561767578,0.0001990795135498047,1596
3,0.06223106384277344,0.06161832809448242,0.00021505355834960938,0.00015211105346679688,0.0002455711364746094,1156
